{
  "model": "medgemma15",
  "template_id": "ctx_v1",
  "pooling": "mean",
  "emb_dim": 2560,
  "n_patients": {
    "train": 19022,
    "val": 2378,
    "test": 2377
  },
  "feature_sets": {
    "emb": {
      "n_features": 2560,
      "c_index": {
        "val": 0.7379434723434382,
        "test": 0.7503453597265691
      },
      "c_index_per_cancer_test": {
        "Breast Cancer": 0.7753700270492052,
        "Colorectal Cancer": 0.7413018394081314,
        "Non-Small Cell Lung Cancer": 0.7082687822400789,
        "Pancreatic Cancer": 0.694289862085652,
        "Prostate Cancer": 0.7760367577756834
      },
      "fit_seconds": 52.0,
      "c_index_ci_test": {
        "point": 0.7503453597265691,
        "ci_low": 0.7342935379622136,
        "ci_high": 0.7660512839477498,
        "ci_level": 0.95,
        "n_boot": 1000
      }
    },
    "tab": {
      "n_features": 100,
      "c_index": {
        "val": 0.7477216827688908,
        "test": 0.754940795911478
      },
      "c_index_per_cancer_test": {
        "Breast Cancer": 0.7820715436282406,
        "Colorectal Cancer": 0.7398628928256296,
        "Non-Small Cell Lung Cancer": 0.7349177434640245,
        "Pancreatic Cancer": 0.6493769658843455,
        "Prostate Cancer": 0.7707351555136663
      },
      "fit_seconds": 0.9,
      "c_index_ci_test": {
        "point": 0.754940795911478,
        "ci_low": 0.7399446583571532,
        "ci_high": 0.7699352337092906,
        "ci_level": 0.95,
        "n_boot": 1000
      }
    },
    "both": {
      "n_features": 2660,
      "c_index": {
        "val": 0.7575645869062368,
        "test": 0.7648654241652306
      },
      "c_index_per_cancer_test": {
        "Breast Cancer": 0.7945324134577394,
        "Colorectal Cancer": 0.7498540690965859,
        "Non-Small Cell Lung Cancer": 0.7367336863072235,
        "Pancreatic Cancer": 0.6879385434309219,
        "Prostate Cancer": 0.7875235626767201
      },
      "fit_seconds": 53.1,
      "c_index_ci_test": {
        "point": 0.7648654241652306,
        "ci_low": 0.7492870441215225,
        "ci_high": 0.7790863524103716,
        "ci_level": 0.95,
        "n_boot": 1000
      }
    }
  },
  "delta_vs_tab_test": {
    "emb_minus_tab": {
      "point": -0.004595436184908874,
      "ci_low": -0.014589546035644836,
      "ci_high": 0.0060807610309346356,
      "ci_level": 0.95,
      "p_gt0": 0.164,
      "n_boot": 1000
    },
    "both_minus_tab": {
      "point": 0.009924628253752621,
      "ci_low": 0.003213152539308687,
      "ci_high": 0.017160501008948673,
      "ci_level": 0.95,
      "p_gt0": 0.996,
      "n_boot": 1000
    }
  },
  "delta_per_cancer_test": {
    "emb_minus_tab": {
      "Breast Cancer": {
        "point": -0.006701516579035394,
        "ci_low": -0.03213557443271427,
        "ci_high": 0.01823486596568099,
        "ci_level": 0.95,
        "p_gt0": 0.315,
        "n_boot": 1000
      },
      "Colorectal Cancer": {
        "point": 0.0014389465825018766,
        "ci_low": -0.023352530233719852,
        "ci_high": 0.025491343756633998,
        "ci_level": 0.95,
        "p_gt0": 0.554,
        "n_boot": 1000
      },
      "Non-Small Cell Lung Cancer": {
        "point": -0.026648961223945555,
        "ci_low": -0.046440584806539884,
        "ci_high": -0.007306128684855863,
        "ci_level": 0.95,
        "p_gt0": 0.002,
        "n_boot": 1000
      },
      "Pancreatic Cancer": {
        "point": 0.04491289620130656,
        "ci_low": 0.016120169951167253,
        "ci_high": 0.07340700229007957,
        "ci_level": 0.95,
        "p_gt0": 1.0,
        "n_boot": 1000
      },
      "Prostate Cancer": {
        "point": 0.0053016022620170355,
        "ci_low": -0.02825268559525676,
        "ci_high": 0.04023226673768624,
        "ci_level": 0.95,
        "p_gt0": 0.614,
        "n_boot": 1000
      }
    },
    "both_minus_tab": {
      "Breast Cancer": {
        "point": 0.012460869829498789,
        "ci_low": -0.0062902511729434,
        "ci_high": 0.03260323245299702,
        "ci_level": 0.95,
        "p_gt0": 0.889,
        "n_boot": 1000
      },
      "Colorectal Cancer": {
        "point": 0.009991176270956359,
        "ci_low": -0.007860604239069459,
        "ci_high": 0.02738229638008028,
        "ci_level": 0.95,
        "p_gt0": 0.853,
        "n_boot": 1000
      },
      "Non-Small Cell Lung Cancer": {
        "point": 0.00181594284319897,
        "ci_low": -0.01113370379313605,
        "ci_high": 0.01435995241127733,
        "ci_level": 0.95,
        "p_gt0": 0.631,
        "n_boot": 1000
      },
      "Pancreatic Cancer": {
        "point": 0.03856157754657641,
        "ci_low": 0.019956906439142053,
        "ci_high": 0.05834934160291113,
        "ci_level": 0.95,
        "p_gt0": 1.0,
        "n_boot": 1000
      },
      "Prostate Cancer": {
        "point": 0.016788407163053742,
        "ci_low": -0.012126584658560959,
        "ci_high": 0.04677619098331886,
        "ci_level": 0.95,
        "p_gt0": 0.877,
        "n_boot": 1000
      }
    }
  }
}