{
  "cohort": "NSCLC",
  "model": "medgemma15",
  "template_id": "ctx_v1",
  "pooling": "mean",
  "fit_on": "MSK train+val",
  "external_n": 955,
  "feature_sets": {
    "tab": {
      "n": 955,
      "events": 569,
      "concordance": 0.717988748285653,
      "concordance_per_cancer": {
        "Non-Small Cell Lung Cancer": {
          "n": 955,
          "concordance": 0.717988748285653
        }
      },
      "cox_adjusted_hr": {
        "hr_per_sd": 2.1594132382191655,
        "ci_low": 1.8927551659587516,
        "ci_high": 2.4636390470682796,
        "p": 2.412439451912375e-30,
        "n": 955,
        "events": 569,
        "penalizer": 0.0
      },
      "km_intra_external_median": {
        "logrank_p": 2.8763327561570065e-39,
        "median_os": {
          "high": 20.4276315789474,
          "low": 58.6842105263158
        },
        "n": {
          "high": 477,
          "low": 478
        },
        "events": {
          "high": 359,
          "low": 210
        }
      },
      "km_msk_reference_median": {
        "logrank_p": 2.834726438394907e-23,
        "median_os": {
          "high": 28.9144736842105,
          "low": 82.1381578947368
        },
        "n": {
          "high": 703,
          "low": 252
        },
        "events": {
          "high": 473,
          "low": 96
        }
      }
    },
    "both": {
      "n": 955,
      "events": 569,
      "concordance": 0.6820131176702918,
      "concordance_per_cancer": {
        "Non-Small Cell Lung Cancer": {
          "n": 955,
          "concordance": 0.6820131176702918
        }
      },
      "cox_adjusted_hr": {
        "hr_per_sd": 1.4641716619610596,
        "ci_low": 1.3474901584037269,
        "ci_high": 1.59095681873433,
        "p": 2.2819396451163204e-19,
        "n": 955,
        "events": 569,
        "penalizer": 0.0
      },
      "km_intra_external_median": {
        "logrank_p": 4.116514326271485e-18,
        "median_os": {
          "high": 22.5,
          "low": 54.5394736842105
        },
        "n": {
          "high": 477,
          "low": 478
        },
        "events": {
          "high": 318,
          "low": 251
        }
      },
      "km_msk_reference_median": {
        "logrank_p": 3.5505744509939138e-06,
        "median_os": {
          "high": 36.25,
          "low": 99.3092105263158
        },
        "n": {
          "high": 891,
          "low": 64
        },
        "events": {
          "high": 547,
          "low": 22
        }
      }
    }
  },
  "msk_reference_median": {
    "tab": 0.9982372522354126,
    "both": 1.1202763319015503
  }
}