{
  "meta": {
    "n_boot": 1000,
    "seed": 42,
    "method": "paired percentile bootstrap (both - tab)"
  },
  "per_cancer": {
    "panc": {
      "label": "Pancreas",
      "n": 551,
      "events": 470,
      "c_tab": 0.7150320325719901,
      "c_both": 0.7253400920705529,
      "delta": 0.010308059498562838,
      "ci_low": -0.0037837501151341698,
      "ci_high": 0.023491277733453563,
      "p_gt0": 0.912,
      "n_boot": 1000
    },
    "prostate": {
      "label": "Prostate",
      "n": 517,
      "events": 194,
      "c_tab": 0.6558560554190664,
      "c_both": 0.6945708647146482,
      "delta": 0.0387148092955818,
      "ci_low": -0.00739622727512059,
      "ci_high": 0.08126841490391591,
      "p_gt0": 0.942,
      "n_boot": 1000
    },
    "crc": {
      "label": "Colorectal",
      "n": 776,
      "events": 386,
      "c_tab": 0.7137327351104074,
      "c_both": 0.7144541215800123,
      "delta": 0.0007213864696049566,
      "ci_low": -0.023491414473675823,
      "ci_high": 0.025196558195300933,
      "p_gt0": 0.485,
      "n_boot": 1000
    },
    "brca": {
      "label": "Breast",
      "n": 596,
      "events": 345,
      "c_tab": 0.6825855470082232,
      "c_both": 0.6785592481715866,
      "delta": -0.0040262988366365215,
      "ci_low": -0.025554537659287745,
      "ci_high": 0.020459012529353376,
      "p_gt0": 0.367,
      "n_boot": 1000
    },
    "nsclc": {
      "label": "NSCLC",
      "n": 955,
      "events": 569,
      "c_tab": 0.717988748285653,
      "c_both": 0.6820131176702918,
      "delta": -0.03597563061536113,
      "ci_low": -0.058782342868165895,
      "ci_high": -0.013375012715405721,
      "p_gt0": 0.001,
      "n_boot": 1000
    }
  }
}